-------------------------------
-- META COST DATA
-------------------------------
INSERT INTO meta_cost VALUES ('M1','Auto | PST | Nov13 | C3','ACTIVE',120.50,10000,'2025-11-13 10:15:00','2025-11-13 18:15:00');
INSERT INTO meta_cost VALUES ('M1','Auto | PST | Nov13 | C3','ACTIVE',130.00,11000,'2025-11-13 15:30:00','2025-11-13 23:30:00');

INSERT INTO meta_cost VALUES ('M2','auto | pst | nov13 | c3',NULL,50.00,5000,'2025-11-13 09:00:00','2025-11-13 17:00:00');
INSERT INTO meta_cost VALUES ('M2','auto | pst | nov13 | c3',NULL,0.00,4000,'2025-11-13 20:20:00','2025-11-14 04:20:00');

INSERT INTO meta_cost VALUES ('M3','Shoes Retargeting','ACTIVE',200.75,15000,'2025-11-13 12:45:00','2025-11-13 20:45:00');
INSERT INTO meta_cost VALUES ('M3','Shoes Retargeting','ACTIVE',215.00,16000,'2025-11-13 21:10:00','2025-11-14 05:10:00');

INSERT INTO meta_cost VALUES ('M4','Holiday Sale US','PAUSED',90.00,9000,'2025-11-13 08:10:00','2025-11-13 16:10:00');
INSERT INTO meta_cost VALUES ('M4','Holiday Sale US','PAUSED',95.50,9500,'2025-11-13 22:10:00','2025-11-14 06:10:00');

INSERT INTO meta_cost VALUES ('M5','BlackFriday Deals',NULL,180.00,18000,'2025-11-13 11:00:00','2025-11-13 19:00:00');
INSERT INTO meta_cost VALUES ('M5','BlackFriday Deals',NULL,190.00,18500,'2025-11-13 19:30:00','2025-11-14 03:30:00');

INSERT INTO meta_cost VALUES ('M6','gaming headset sale','ACTIVE',75.00,7000,'2025-11-13 10:05:00','2025-11-13 18:05:00');
INSERT INTO meta_cost VALUES ('M6','gaming headset sale','ACTIVE',82.00,7500,'2025-11-13 23:20:00','2025-11-14 07:20:00');

INSERT INTO meta_cost VALUES ('M7','Laptop Discount','ACTIVE',300.40,20000,'2025-11-13 13:25:00','2025-11-13 21:25:00');
INSERT INTO meta_cost VALUES ('M7','Laptop Discount','ACTIVE',320.25,21000,'2025-11-13 18:30:00','2025-11-14 02:30:00');

INSERT INTO meta_cost VALUES ('M8','toy-sale','ACTIVE',40.00,3000,'2025-11-13 09:50:00','2025-11-13 17:50:00');
INSERT INTO meta_cost VALUES ('M8','toy-sale','ACTIVE',45.00,3500,'2025-11-13 21:50:00','2025-11-14 05:50:00');

INSERT INTO meta_cost VALUES ('M9','Cloud Services Promo','ACTIVE',500.00,40000,'2025-11-13 12:00:00','2025-11-13 20:00:00');
INSERT INTO meta_cost VALUES ('M9','Cloud Services Promo','ACTIVE',520.50,41000,'2025-11-13 15:40:00','2025-11-14 07:40:00');

INSERT INTO meta_cost VALUES ('M10','Gym Membership','ACTIVE',60.00,5000,'2025-11-13 11:30:00','2025-11-13 19:30:00');
INSERT INTO meta_cost VALUES ('M10','Gym Membership','ACTIVE',65.00,5500,'2025-11-13 23:00:00','2025-11-14 07:00:00');


-------------------------------
-- SNAPCHAT COST DATA (21 rows)
-------------------------------
INSERT INTO snapchat_cost VALUES ('S1','Auto | PST | Nov13 | C3','ACTIVE',100.00,9000,'2025-11-13 09:20:00','2025-11-13 17:20:00');
INSERT INTO snapchat_cost VALUES ('S1','Auto | PST | Nov13 | C3','ACTIVE',110.00,9500,'2025-11-13 18:50:00','2025-11-14 02:50:00');

INSERT INTO snapchat_cost VALUES ('S2','auto | pst | nov13 | c3','ACTIVE',30.00,3000,'2025-11-13 10:10:00','2025-11-13 18:10:00');
INSERT INTO snapchat_cost VALUES ('S2','auto | pst | nov13 | c3','ACTIVE',32.00,3200,'2025-11-13 22:40:00','2025-11-14 06:40:00');

INSERT INTO snapchat_cost VALUES ('S3','Shoes Retargeting',NULL,70.00,6000,'2025-11-13 11:00:00','2025-11-13 19:00:00');
INSERT INTO snapchat_cost VALUES ('S3','Shoes Retargeting',NULL,0.00,5000,'2025-11-13 21:00:00','2025-11-14 05:00:00');

INSERT INTO snapchat_cost VALUES ('S4','Holiday Sale US','ACTIVE',55.00,5500,'2025-11-13 12:30:00','2025-11-13 20:30:00');
INSERT INTO snapchat_cost VALUES ('S4','Holiday Sale US','ACTIVE',60.00,5800,'2025-11-13 16:30:00','2025-11-14 00:30:00');

INSERT INTO snapchat_cost VALUES ('S5','BlackFriday Deals','INACTIVE',150.00,14000,'2025-11-13 14:00:00','2025-11-13 22:00:00');
INSERT INTO snapchat_cost VALUES ('S5','BlackFriday Deals','INACTIVE',160.00,15000,'2025-11-13 20:10:00','2025-11-14 04:10:00');

INSERT INTO snapchat_cost VALUES ('S6','gaming headset sale','INACTIVE',45.00,4000,'2025-11-13 09:45:00','2025-11-13 17:45:00');
INSERT INTO snapchat_cost VALUES ('S6','gaming headset sale','INACTIVE',48.00,4200,'2025-11-13 18:45:00','2025-11-14 02:45:00');

INSERT INTO snapchat_cost VALUES ('S7','Laptop Discount','ACTIVE',180.00,15000,'2025-11-13 12:10:00','2025-11-13 20:10:00');
INSERT INTO snapchat_cost VALUES ('S7','Laptop Discount','ACTIVE',190.00,16000,'2025-11-13 22:55:00','2025-11-14 06:55:00');

INSERT INTO snapchat_cost VALUES ('S8','toy-sale',NULL,10.00,1200,'2025-11-13 11:40:00','2025-11-13 19:40:00');
INSERT INTO snapchat_cost VALUES ('S8','toy-sale',NULL,0.00,1000,'2025-11-13 20:40:00','2025-11-14 04:40:00');

INSERT INTO snapchat_cost VALUES ('S9','Cloud Services Promo','ACTIVE',300.00,25000,'2025-11-13 13:20:00','2025-11-13 21:20:00');
INSERT INTO snapchat_cost VALUES ('S9','Cloud Services Promo','ACTIVE',310.00,26000,'2025-11-13 21:50:00','2025-11-14 05:50:00');

INSERT INTO snapchat_cost VALUES ('S10','Gym Membership','ACTIVE',45.00,3500,'2025-11-13 10:25:00','2025-11-13 18:25:00');


-------------------------------
-- REVENUE TABLE DATA (30 rows)
-------------------------------
INSERT INTO revenue_table VALUES ('Auto | PST | Nov13 | C3',300,250,30,2000,900,400.00,'2025-11-13 18:00:00');
INSERT INTO revenue_table VALUES ('auto | pst | nov13 | c3',320,270,32,2100,950,420.00,'2025-11-13 19:00:00');
INSERT INTO revenue_table VALUES ('AUTO | PST | NOV13 | C3',310,260,31,2050,930,410.50,'2025-11-14 03:30:00');

INSERT INTO revenue_table VALUES ('Shoes Retargeting',500,450,40,3000,1500,800.00,'2025-11-13 20:00:00');
INSERT INTO revenue_table VALUES ('shoes retargeting',520,460,42,3100,1550,820.00,'2025-11-14 01:10:00');

INSERT INTO revenue_table VALUES ('Holiday Sale US',200,180,25,1500,700,300.00,'2025-11-13 17:30:00');
INSERT INTO revenue_table VALUES ('holiday sale us',210,190,26,1600,800,320.00,'2025-11-14 04:20:00');

INSERT INTO revenue_table VALUES ('BlackFriday Deals',800,700,55,4500,2000,900.00,'2025-11-13 18:20:00');
INSERT INTO revenue_table VALUES ('blackfriday deals',820,720,58,4700,2100,940.00,'2025-11-14 06:45:00');

INSERT INTO revenue_table VALUES ('gaming headset sale',140,120,10,900,400,160.00,'2025-11-13 19:15:00');
INSERT INTO revenue_table VALUES ('Gaming Headset Sale',150,130,12,950,450,170.50,'2025-11-14 05:30:00');

INSERT INTO revenue_table VALUES ('Laptop Discount',900,850,70,5000,2200,1500.00,'2025-11-13 22:40:00');
INSERT INTO revenue_table VALUES ('laptop discount',950,880,75,5200,2300,1580.00,'2025-11-14 07:10:00');

INSERT INTO revenue_table VALUES ('toy-sale',50,45,5,500,200,60.00,'2025-11-13 15:00:00');
INSERT INTO revenue_table VALUES ('toy-sale',55,50,6,550,230,65.00,'2025-11-13 23:50:00');

INSERT INTO revenue_table VALUES ('Cloud Services Promo',1500,1400,120,10000,5000,3200.00,'2025-11-13 14:10:00');
INSERT INTO revenue_table VALUES ('cloud services promo',1600,1500,130,11000,5400,3400.00,'2025-11-14 03:55:00');

INSERT INTO revenue_table VALUES ('Gym Membership',200,180,15,1000,400,250.00,'2025-11-13 11:00:00');
INSERT INTO revenue_table VALUES ('gym membership',220,200,16,1100,450,270.00,'2025-11-14 06:30:00');

-- Additional filler revenue rows for robustness
INSERT INTO revenue_table VALUES ('Extra Campaign A',10,8,1,100,40,15.00,'2025-11-13 15:20:00');
INSERT INTO revenue_table VALUES ('Extra Campaign B',15,12,2,120,50,22.00,'2025-11-13 19:45:00');
INSERT INTO revenue_table VALUES ('Extra Campaign C',20,18,3,150,70,35.00,'2025-11-14 04:30:00');
INSERT INTO revenue_table VALUES ('Extra Campaign D',25,22,4,180,80,40.00,'2025-11-13 16:40:00');
INSERT INTO revenue_table VALUES ('Extra Campaign E',30,28,5,200,90,45.00,'2025-11-14 02:15:00');